[
    {
        "first_name": "Allan",
        "last_name": "Munger",
        "avatar_filename": "Allan Munger.png",
        "title": "Writer",
        "introduction": "Ut malesuada sollicitudin tincidunt. Maecenas volutpat suscipit efficitur. Curabitur ut tortor sit amet lacus pellentesque convallis in laoreet lectus. Curabitur lorem velit, bibendum et vulputate vulputate, commodo in tortor. Curabitur a dapibus mauris. Vestibulum hendrerit euismod felis at hendrerit. Pellentesque imperdiet volutpat molestie. Nam vehicula dui eu consequat finibus. Phasellus sed placerat lorem. Nulla pretium a magna sit amet iaculis. Aenean eget eleifend elit. Ut eleifend aliquet interdum. Cras pulvinar elit a dapibus iaculis. Nullam fermentum porttitor ultrices."
    },
    {
        "first_name": "Amanda",
        "last_name": "Brady",
        "avatar_filename": "Amanda Brady.png",
        "title": "Sales Representative",
        "introduction": "Lorem ipsum dolor sit amet, consectetur adipiscing elit. Aliquam pulvinar neque in ullamcorper finibus. Aliquam ante orci, elementum non efficitur id, commodo ac velit. Proin non ornare neque, ac ornare odio. Nullam imperdiet tellus lacinia, semper justo vel, elementum metus. Aenean eget diam at quam dignissim varius. Nunc sed urna vehicula ipsum efficitur volutpat. Mauris vel augue ut magna tincidunt imperdiet. Integer sit amet vestibulum justo. Aenean placerat, nibh ac accumsan tincidunt, lorem arcu maximus justo, sed elementum tellus nisi id purus. Sed ac porttitor orci. Etiam et augue ullamcorper nibh mattis pharetra. Suspendisse ac mauris nec velit euismod rhoncus. Vestibulum tempor magna purus, id lacinia erat tempus eget."
    },
    {
        "first_name": "Ashley",
        "last_name": "Mc Carthy",
        "avatar_filename": "Ashley Mc Carthy.png",
        "title": "Sales Representative",
        "introduction": "Lorem ipsum dolor sit amet, consectetur adipiscing elit. Aliquam pulvinar neque in ullamcorper finibus. Aliquam ante orci, elementum non efficitur id, commodo ac velit. Proin non ornare neque, ac ornare odio. Nullam imperdiet tellus lacinia, semper justo vel, elementum metus. Aenean eget diam at quam dignissim varius. Nunc sed urna vehicula ipsum efficitur volutpat. Mauris vel augue ut magna tincidunt imperdiet. Integer sit amet vestibulum justo. Aenean placerat, nibh ac accumsan tincidunt, lorem arcu maximus justo, sed elementum tellus nisi id purus. Sed ac porttitor orci. Etiam et augue ullamcorper nibh mattis pharetra. Suspendisse ac mauris nec velit euismod rhoncus. Vestibulum tempor magna purus, id lacinia erat tempus eget."
    },
    {
        "first_name": "Carlos",
        "last_name": "Slattery",
        "avatar_filename": "Carlos Slattery.png",
        "title": "Nurse",
        "introduction": "Phasellus eget pellentesque augue. Morbi quis est non urna posuere efficitur vitae ut erat. Nam aliquam ex a lacus fermentum mattis. Suspendisse a ligula rhoncus, pulvinar turpis a, sagittis elit. Morbi placerat urna accumsan, egestas turpis quis, commodo lorem. Nam convallis fermentum neque eu varius. Nullam sed gravida elit, at tincidunt est. Praesent arcu velit, vehicula rutrum leo ac, efficitur vestibulum lacus. Aliquam rutrum efficitur nulla, sed sollicitudin tellus suscipit ut. Vestibulum porta turpis vel purus vestibulum, ac euismod erat commodo. Nulla luctus ultricies blandit. Nunc faucibus, purus sit amet scelerisque tincidunt, augue elit posuere justo, id tristique sem elit nec nunc. Fusce congue dui vel sem aliquet volutpat. Nullam eget tincidunt nulla. Aenean interdum, turpis nec accumsan sollicitudin, risus mi pellentesque eros, nec iaculis lectus ligula ut tellus. Phasellus at aliquet nisl, at aliquam nulla."
    },
    {
        "first_name": "Carole",
        "last_name": "Poland",
        "avatar_filename": "Carole Poland.png",
        "title": "Internet/Social Media Evaluator",
        "introduction": "Praesent pellentesque, sapien ut lobortis lacinia, erat magna venenatis turpis, eu maximus magna lectus a sapien. Aenean luctus tellus vel dui euismod bibendum. Aenean at elementum neque. Integer non aliquam risus. Ut porta, lectus et finibus sodales, mi nulla hendrerit dui, finibus consectetur arcu ligula ac velit. Suspendisse eu mollis diam. Vestibulum porta, elit a dignissim mollis, dolor risus sagittis sapien, quis tristique nunc massa interdum ligula. Duis a turpis nulla. Vivamus a consequat justo."
    },
    {
        "first_name": "Cecil",
        "last_name": "Folk",
        "avatar_filename": "Cecil Folk.png",
        "title": "Territory Sales Manager",
        "introduction": "Praesent pellentesque, sapien ut lobortis lacinia, erat magna venenatis turpis, eu maximus magna lectus a sapien. Aenean luctus tellus vel dui euismod bibendum. Aenean at elementum neque. Integer non aliquam risus. Ut porta, lectus et finibus sodales, mi nulla hendrerit dui, finibus consectetur arcu ligula ac velit. Suspendisse eu mollis diam. Vestibulum porta, elit a dignissim mollis, dolor risus sagittis sapien, quis tristique nunc massa interdum ligula. Duis a turpis nulla. Vivamus a consequat justo."
    },
    {
        "first_name": "Celeste",
        "last_name": "Burton",
        "avatar_filename": "Celeste Burton.png",
        "title": "Case Manager",
        "introduction": "Ut malesuada sollicitudin tincidunt. Maecenas volutpat suscipit efficitur. Curabitur ut tortor sit amet lacus pellentesque convallis in laoreet lectus. Curabitur lorem velit, bibendum et vulputate vulputate, commodo in tortor. Curabitur a dapibus mauris. Vestibulum hendrerit euismod felis at hendrerit. Pellentesque imperdiet volutpat molestie. Nam vehicula dui eu consequat finibus. Phasellus sed placerat lorem. Nulla pretium a magna sit amet iaculis. Aenean eget eleifend elit. Ut eleifend aliquet interdum. Cras pulvinar elit a dapibus iaculis. Nullam fermentum porttitor ultrices."
    },
    {
        "first_name": "Charlotte",
        "last_name": "Waltson",
        "avatar_filename": "Charlotte Waltson.png",
        "title": "Editor",
        "introduction": "Lorem ipsum dolor sit amet, consectetur adipiscing elit. Aliquam pulvinar neque in ullamcorper finibus. Aliquam ante orci, elementum non efficitur id, commodo ac velit. Proin non ornare neque, ac ornare odio. Nullam imperdiet tellus lacinia, semper justo vel, elementum metus. Aenean eget diam at quam dignissim varius. Nunc sed urna vehicula ipsum efficitur volutpat. Mauris vel augue ut magna tincidunt imperdiet. Integer sit amet vestibulum justo. Aenean placerat, nibh ac accumsan tincidunt, lorem arcu maximus justo, sed elementum tellus nisi id purus. Sed ac porttitor orci. Etiam et augue ullamcorper nibh mattis pharetra. Suspendisse ac mauris nec velit euismod rhoncus. Vestibulum tempor magna purus, id lacinia erat tempus eget."
    },
    {
        "first_name": "Colin",
        "last_name": "Ballinger",
        "avatar_filename": "Colin Ballinger.png",
        "title": "Developer",
        "introduction": "Phasellus eget pellentesque augue. Morbi quis est non urna posuere efficitur vitae ut erat. Nam aliquam ex a lacus fermentum mattis. Suspendisse a ligula rhoncus, pulvinar turpis a, sagittis elit. Morbi placerat urna accumsan, egestas turpis quis, commodo lorem. Nam convallis fermentum neque eu varius. Nullam sed gravida elit, at tincidunt est. Praesent arcu velit, vehicula rutrum leo ac, efficitur vestibulum lacus. Aliquam rutrum efficitur nulla, sed sollicitudin tellus suscipit ut. Vestibulum porta turpis vel purus vestibulum, ac euismod erat commodo. Nulla luctus ultricies blandit. Nunc faucibus, purus sit amet scelerisque tincidunt, augue elit posuere justo, id tristique sem elit nec nunc. Fusce congue dui vel sem aliquet volutpat. Nullam eget tincidunt nulla. Aenean interdum, turpis nec accumsan sollicitudin, risus mi pellentesque eros, nec iaculis lectus ligula ut tellus. Phasellus at aliquet nisl, at aliquam nulla."
    },
    {
        "first_name": "Daisy",
        "last_name": "Phillips",
        "avatar_filename": "Daisy Phillips.png",
        "title": "Tutor",
        "introduction": "Ut malesuada sollicitudin tincidunt. Maecenas volutpat suscipit efficitur. Curabitur ut tortor sit amet lacus pellentesque convallis in laoreet lectus. Curabitur lorem velit, bibendum et vulputate vulputate, commodo in tortor. Curabitur a dapibus mauris. Vestibulum hendrerit euismod felis at hendrerit. Pellentesque imperdiet volutpat molestie. Nam vehicula dui eu consequat finibus. Phasellus sed placerat lorem. Nulla pretium a magna sit amet iaculis. Aenean eget eleifend elit. Ut eleifend aliquet interdum. Cras pulvinar elit a dapibus iaculis. Nullam fermentum porttitor ultrices."
    },
    {
        "first_name": "Elliot",
        "last_name": "Woodward",
        "avatar_filename": "Elliot Woodward.png",
        "title": "Project Manager",
        "introduction": "Ut malesuada sollicitudin tincidunt. Maecenas volutpat suscipit efficitur. Curabitur ut tortor sit amet lacus pellentesque convallis in laoreet lectus. Curabitur lorem velit, bibendum et vulputate vulputate, commodo in tortor. Curabitur a dapibus mauris. Vestibulum hendrerit euismod felis at hendrerit. Pellentesque imperdiet volutpat molestie. Nam vehicula dui eu consequat finibus. Phasellus sed placerat lorem. Nulla pretium a magna sit amet iaculis. Aenean eget eleifend elit. Ut eleifend aliquet interdum. Cras pulvinar elit a dapibus iaculis. Nullam fermentum porttitor ultrices."
    },
    {
        "first_name": "Elvia",
        "last_name": "Atkins",
        "avatar_filename": "Elvia Atkins.png",
        "title": "Tutor",
        "introduction": "Lorem ipsum dolor sit amet, consectetur adipiscing elit. Aliquam pulvinar neque in ullamcorper finibus. Aliquam ante orci, elementum non efficitur id, commodo ac velit. Proin non ornare neque, ac ornare odio. Nullam imperdiet tellus lacinia, semper justo vel, elementum metus. Aenean eget diam at quam dignissim varius. Nunc sed urna vehicula ipsum efficitur volutpat. Mauris vel augue ut magna tincidunt imperdiet. Integer sit amet vestibulum justo. Aenean placerat, nibh ac accumsan tincidunt, lorem arcu maximus justo, sed elementum tellus nisi id purus. Sed ac porttitor orci. Etiam et augue ullamcorper nibh mattis pharetra. Suspendisse ac mauris nec velit euismod rhoncus. Vestibulum tempor magna purus, id lacinia erat tempus eget."
    },
    {
        "first_name": "Erik",
        "last_name": "Nason",
        "avatar_filename": "Erik Nason.png",
        "title": "Consultant",
        "introduction": "Phasellus eget pellentesque augue. Morbi quis est non urna posuere efficitur vitae ut erat. Nam aliquam ex a lacus fermentum mattis. Suspendisse a ligula rhoncus, pulvinar turpis a, sagittis elit. Morbi placerat urna accumsan, egestas turpis quis, commodo lorem. Nam convallis fermentum neque eu varius. Nullam sed gravida elit, at tincidunt est. Praesent arcu velit, vehicula rutrum leo ac, efficitur vestibulum lacus. Aliquam rutrum efficitur nulla, sed sollicitudin tellus suscipit ut. Vestibulum porta turpis vel purus vestibulum, ac euismod erat commodo. Nulla luctus ultricies blandit. Nunc faucibus, purus sit amet scelerisque tincidunt, augue elit posuere justo, id tristique sem elit nec nunc. Fusce congue dui vel sem aliquet volutpat. Nullam eget tincidunt nulla. Aenean interdum, turpis nec accumsan sollicitudin, risus mi pellentesque eros, nec iaculis lectus ligula ut tellus. Phasellus at aliquet nisl, at aliquam nulla."
    },
    {
        "first_name": "Henry",
        "last_name": "Brill",
        "avatar_filename": "Henry Brill.png",
        "title": "Tutor",
        "introduction": "Praesent pellentesque, sapien ut lobortis lacinia, erat magna venenatis turpis, eu maximus magna lectus a sapien. Aenean luctus tellus vel dui euismod bibendum. Aenean at elementum neque. Integer non aliquam risus. Ut porta, lectus et finibus sodales, mi nulla hendrerit dui, finibus consectetur arcu ligula ac velit. Suspendisse eu mollis diam. Vestibulum porta, elit a dignissim mollis, dolor risus sagittis sapien, quis tristique nunc massa interdum ligula. Duis a turpis nulla. Vivamus a consequat justo."
    },
    {
        "first_name": "Isaac",
        "last_name": "Fielder",
        "avatar_filename": "Isaac Fielder.png",
        "title": "Teacher",
        "introduction": "Suspendisse venenatis eros et leo dignissim faucibus. Nullam egestas purus non scelerisque gravida. Sed ultricies gravida metus, eu rhoncus neque. Donec varius sem et metus luctus, eget maximus felis imperdiet. Aliquam id eros ipsum. Sed magna ligula, faucibus tristique ornare a, sagittis non ex. Aenean facilisis, mi at interdum lobortis, lectus eros fermentum magna, finibus porta lacus ipsum ut ipsum. Sed placerat nisl vel arcu finibus elementum. Fusce porta fringilla velit, quis aliquam leo porta consequat. Cras lobortis sapien id lectus sollicitudin elementum. Sed arcu leo, euismod in nulla eu, eleifend fermentum sapien."
    },
    {
        "first_name": "Johnie",
        "last_name": "McConnell",
        "avatar_filename": "Johnie McConnell.png",
        "title": "Tutor",
        "introduction": "Suspendisse venenatis eros et leo dignissim faucibus. Nullam egestas purus non scelerisque gravida. Sed ultricies gravida metus, eu rhoncus neque. Donec varius sem et metus luctus, eget maximus felis imperdiet. Aliquam id eros ipsum. Sed magna ligula, faucibus tristique ornare a, sagittis non ex. Aenean facilisis, mi at interdum lobortis, lectus eros fermentum magna, finibus porta lacus ipsum ut ipsum. Sed placerat nisl vel arcu finibus elementum. Fusce porta fringilla velit, quis aliquam leo porta consequat. Cras lobortis sapien id lectus sollicitudin elementum. Sed arcu leo, euismod in nulla eu, eleifend fermentum sapien."
    },
    {
        "first_name": "Kat",
        "last_name": "larsson",
        "avatar_filename": "Kat larsson.png",
        "title": "Engineer",
        "introduction": "Ut malesuada sollicitudin tincidunt. Maecenas volutpat suscipit efficitur. Curabitur ut tortor sit amet lacus pellentesque convallis in laoreet lectus. Curabitur lorem velit, bibendum et vulputate vulputate, commodo in tortor. Curabitur a dapibus mauris. Vestibulum hendrerit euismod felis at hendrerit. Pellentesque imperdiet volutpat molestie. Nam vehicula dui eu consequat finibus. Phasellus sed placerat lorem. Nulla pretium a magna sit amet iaculis. Aenean eget eleifend elit. Ut eleifend aliquet interdum. Cras pulvinar elit a dapibus iaculis. Nullam fermentum porttitor ultrices."
    },
    {
        "first_name": "Katri",
        "last_name": "Ahokas",
        "avatar_filename": "Katri Ahokas.png",
        "title": "Developer",
        "introduction": "Lorem ipsum dolor sit amet, consectetur adipiscing elit. Aliquam pulvinar neque in ullamcorper finibus. Aliquam ante orci, elementum non efficitur id, commodo ac velit. Proin non ornare neque, ac ornare odio. Nullam imperdiet tellus lacinia, semper justo vel, elementum metus. Aenean eget diam at quam dignissim varius. Nunc sed urna vehicula ipsum efficitur volutpat. Mauris vel augue ut magna tincidunt imperdiet. Integer sit amet vestibulum justo. Aenean placerat, nibh ac accumsan tincidunt, lorem arcu maximus justo, sed elementum tellus nisi id purus. Sed ac porttitor orci. Etiam et augue ullamcorper nibh mattis pharetra. Suspendisse ac mauris nec velit euismod rhoncus. Vestibulum tempor magna purus, id lacinia erat tempus eget."
    },
    {
        "first_name": "Kevin",
        "last_name": "Sturgis",
        "avatar_filename": "Kevin Sturgis.png",
        "title": "Territory Sales Manager",
        "introduction": "Suspendisse venenatis eros et leo dignissim faucibus. Nullam egestas purus non scelerisque gravida. Sed ultricies gravida metus, eu rhoncus neque. Donec varius sem et metus luctus, eget maximus felis imperdiet. Aliquam id eros ipsum. Sed magna ligula, faucibus tristique ornare a, sagittis non ex. Aenean facilisis, mi at interdum lobortis, lectus eros fermentum magna, finibus porta lacus ipsum ut ipsum. Sed placerat nisl vel arcu finibus elementum. Fusce porta fringilla velit, quis aliquam leo porta consequat. Cras lobortis sapien id lectus sollicitudin elementum. Sed arcu leo, euismod in nulla eu, eleifend fermentum sapien."
    },
    {
        "first_name": "Kristin",
        "last_name": "Patterson",
        "avatar_filename": "Kristin Patterson.png",
        "title": "Writer",
        "introduction": "Phasellus eget pellentesque augue. Morbi quis est non urna posuere efficitur vitae ut erat. Nam aliquam ex a lacus fermentum mattis. Suspendisse a ligula rhoncus, pulvinar turpis a, sagittis elit. Morbi placerat urna accumsan, egestas turpis quis, commodo lorem. Nam convallis fermentum neque eu varius. Nullam sed gravida elit, at tincidunt est. Praesent arcu velit, vehicula rutrum leo ac, efficitur vestibulum lacus. Aliquam rutrum efficitur nulla, sed sollicitudin tellus suscipit ut. Vestibulum porta turpis vel purus vestibulum, ac euismod erat commodo. Nulla luctus ultricies blandit. Nunc faucibus, purus sit amet scelerisque tincidunt, augue elit posuere justo, id tristique sem elit nec nunc. Fusce congue dui vel sem aliquet volutpat. Nullam eget tincidunt nulla. Aenean interdum, turpis nec accumsan sollicitudin, risus mi pellentesque eros, nec iaculis lectus ligula ut tellus. Phasellus at aliquet nisl, at aliquam nulla."
    },
    {
        "first_name": "Lydia",
        "last_name": "Bauer",
        "avatar_filename": "Lydia Bauer.png",
        "title": "Analyst",
        "introduction": "Phasellus eget pellentesque augue. Morbi quis est non urna posuere efficitur vitae ut erat. Nam aliquam ex a lacus fermentum mattis. Suspendisse a ligula rhoncus, pulvinar turpis a, sagittis elit. Morbi placerat urna accumsan, egestas turpis quis, commodo lorem. Nam convallis fermentum neque eu varius. Nullam sed gravida elit, at tincidunt est. Praesent arcu velit, vehicula rutrum leo ac, efficitur vestibulum lacus. Aliquam rutrum efficitur nulla, sed sollicitudin tellus suscipit ut. Vestibulum porta turpis vel purus vestibulum, ac euismod erat commodo. Nulla luctus ultricies blandit. Nunc faucibus, purus sit amet scelerisque tincidunt, augue elit posuere justo, id tristique sem elit nec nunc. Fusce congue dui vel sem aliquet volutpat. Nullam eget tincidunt nulla. Aenean interdum, turpis nec accumsan sollicitudin, risus mi pellentesque eros, nec iaculis lectus ligula ut tellus. Phasellus at aliquet nisl, at aliquam nulla."
    },
    {
        "first_name": "Mauricio",
        "last_name": "August",
        "avatar_filename": "Mauricio August.png",
        "title": "Analyst",
        "introduction": "Suspendisse venenatis eros et leo dignissim faucibus. Nullam egestas purus non scelerisque gravida. Sed ultricies gravida metus, eu rhoncus neque. Donec varius sem et metus luctus, eget maximus felis imperdiet. Aliquam id eros ipsum. Sed magna ligula, faucibus tristique ornare a, sagittis non ex. Aenean facilisis, mi at interdum lobortis, lectus eros fermentum magna, finibus porta lacus ipsum ut ipsum. Sed placerat nisl vel arcu finibus elementum. Fusce porta fringilla velit, quis aliquam leo porta consequat. Cras lobortis sapien id lectus sollicitudin elementum. Sed arcu leo, euismod in nulla eu, eleifend fermentum sapien."
    },
    {
        "first_name": "Miguel",
        "last_name": "Garcia",
        "avatar_filename": "Miguel Garcia.png",
        "title": "Account Manager",
        "introduction": "Phasellus eget pellentesque augue. Morbi quis est non urna posuere efficitur vitae ut erat. Nam aliquam ex a lacus fermentum mattis. Suspendisse a ligula rhoncus, pulvinar turpis a, sagittis elit. Morbi placerat urna accumsan, egestas turpis quis, commodo lorem. Nam convallis fermentum neque eu varius. Nullam sed gravida elit, at tincidunt est. Praesent arcu velit, vehicula rutrum leo ac, efficitur vestibulum lacus. Aliquam rutrum efficitur nulla, sed sollicitudin tellus suscipit ut. Vestibulum porta turpis vel purus vestibulum, ac euismod erat commodo. Nulla luctus ultricies blandit. Nunc faucibus, purus sit amet scelerisque tincidunt, augue elit posuere justo, id tristique sem elit nec nunc. Fusce congue dui vel sem aliquet volutpat. Nullam eget tincidunt nulla. Aenean interdum, turpis nec accumsan sollicitudin, risus mi pellentesque eros, nec iaculis lectus ligula ut tellus. Phasellus at aliquet nisl, at aliquam nulla."
    },
    {
        "first_name": "Mona",
        "last_name": "Kane",
        "avatar_filename": "Mona Kane.png",
        "title": "Developer",
        "introduction": "Phasellus eget pellentesque augue. Morbi quis est non urna posuere efficitur vitae ut erat. Nam aliquam ex a lacus fermentum mattis. Suspendisse a ligula rhoncus, pulvinar turpis a, sagittis elit. Morbi placerat urna accumsan, egestas turpis quis, commodo lorem. Nam convallis fermentum neque eu varius. Nullam sed gravida elit, at tincidunt est. Praesent arcu velit, vehicula rutrum leo ac, efficitur vestibulum lacus. Aliquam rutrum efficitur nulla, sed sollicitudin tellus suscipit ut. Vestibulum porta turpis vel purus vestibulum, ac euismod erat commodo. Nulla luctus ultricies blandit. Nunc faucibus, purus sit amet scelerisque tincidunt, augue elit posuere justo, id tristique sem elit nec nunc. Fusce congue dui vel sem aliquet volutpat. Nullam eget tincidunt nulla. Aenean interdum, turpis nec accumsan sollicitudin, risus mi pellentesque eros, nec iaculis lectus ligula ut tellus. Phasellus at aliquet nisl, at aliquam nulla."
    },
    {
        "first_name": "Robert",
        "last_name": "Tolbert",
        "avatar_filename": "Robert Tolbert.png",
        "title": "Territory Sales Manager",
        "introduction": "Phasellus eget pellentesque augue. Morbi quis est non urna posuere efficitur vitae ut erat. Nam aliquam ex a lacus fermentum mattis. Suspendisse a ligula rhoncus, pulvinar turpis a, sagittis elit. Morbi placerat urna accumsan, egestas turpis quis, commodo lorem. Nam convallis fermentum neque eu varius. Nullam sed gravida elit, at tincidunt est. Praesent arcu velit, vehicula rutrum leo ac, efficitur vestibulum lacus. Aliquam rutrum efficitur nulla, sed sollicitudin tellus suscipit ut. Vestibulum porta turpis vel purus vestibulum, ac euismod erat commodo. Nulla luctus ultricies blandit. Nunc faucibus, purus sit amet scelerisque tincidunt, augue elit posuere justo, id tristique sem elit nec nunc. Fusce congue dui vel sem aliquet volutpat. Nullam eget tincidunt nulla. Aenean interdum, turpis nec accumsan sollicitudin, risus mi pellentesque eros, nec iaculis lectus ligula ut tellus. Phasellus at aliquet nisl, at aliquam nulla."
    },
    {
        "first_name": "Robin",
        "last_name": "Counts",
        "avatar_filename": "Robin Counts.png",
        "title": "Customer Service Representative",
        "introduction": "Lorem ipsum dolor sit amet, consectetur adipiscing elit. Aliquam pulvinar neque in ullamcorper finibus. Aliquam ante orci, elementum non efficitur id, commodo ac velit. Proin non ornare neque, ac ornare odio. Nullam imperdiet tellus lacinia, semper justo vel, elementum metus. Aenean eget diam at quam dignissim varius. Nunc sed urna vehicula ipsum efficitur volutpat. Mauris vel augue ut magna tincidunt imperdiet. Integer sit amet vestibulum justo. Aenean placerat, nibh ac accumsan tincidunt, lorem arcu maximus justo, sed elementum tellus nisi id purus. Sed ac porttitor orci. Etiam et augue ullamcorper nibh mattis pharetra. Suspendisse ac mauris nec velit euismod rhoncus. Vestibulum tempor magna purus, id lacinia erat tempus eget."
    },
    {
        "first_name": "Tim",
        "last_name": "Deboer",
        "avatar_filename": "Tim Deboer.png",
        "title": "Developer",
        "introduction": "Suspendisse venenatis eros et leo dignissim faucibus. Nullam egestas purus non scelerisque gravida. Sed ultricies gravida metus, eu rhoncus neque. Donec varius sem et metus luctus, eget maximus felis imperdiet. Aliquam id eros ipsum. Sed magna ligula, faucibus tristique ornare a, sagittis non ex. Aenean facilisis, mi at interdum lobortis, lectus eros fermentum magna, finibus porta lacus ipsum ut ipsum. Sed placerat nisl vel arcu finibus elementum. Fusce porta fringilla velit, quis aliquam leo porta consequat. Cras lobortis sapien id lectus sollicitudin elementum. Sed arcu leo, euismod in nulla eu, eleifend fermentum sapien."
    },
    {
        "first_name": "Wanda",
        "last_name": "Howard",
        "avatar_filename": "Wanda Howard.png",
        "title": "Accountant",
        "introduction": "Suspendisse venenatis eros et leo dignissim faucibus. Nullam egestas purus non scelerisque gravida. Sed ultricies gravida metus, eu rhoncus neque. Donec varius sem et metus luctus, eget maximus felis imperdiet. Aliquam id eros ipsum. Sed magna ligula, faucibus tristique ornare a, sagittis non ex. Aenean facilisis, mi at interdum lobortis, lectus eros fermentum magna, finibus porta lacus ipsum ut ipsum. Sed placerat nisl vel arcu finibus elementum. Fusce porta fringilla velit, quis aliquam leo porta consequat. Cras lobortis sapien id lectus sollicitudin elementum. Sed arcu leo, euismod in nulla eu, eleifend fermentum sapien."
    }
]
